<?xml version="1.0" encoding="utf-8"?>
<project>
	<!-- NMML reference: https://gist.github.com/1763850 -->
	
	<!-- metadata, make sure 'package' is at least 3 segments (ie. com.mycompany.myproject) -->
	<meta title="AVMA Task" package="AVMATask" version="1.03" company="Robert Hardwick" />
	
	<!-- output -->
	<app main="Main" file="AVMATask" path="bin" />
	
	<window background="#FFFFFF" fps="100" />
	<window fullscreen="true" />
	<window width="800" height="480" unless="mobile" />
	<window orientation="landscape" vsync="false" antialiasing="0" if="cpp" />
	
	<!-- classpath, haxe libs -->
	<source path="src" />
	<haxelib name="openfl" />
	<haxelib name="actuate" />
	<haxelib name="svg" />
	
	<!-- assets -->
	<icon path="assets/icon.ico" />
	<assets path="assets" rename="assets" />
	<assets path="assets/img" rename="img" /> 
	<assets path="assets/audio" rename="audio" type="audio" />
	
	<!-- optimize output
	<haxeflag name="-dce full" /> -->
	
</project>